{"count":1,"self":11304.722431999999,"total":20000.595792,"children":{"InitializeActuators":{"count":16,"self":0.0019984,"total":0.0019984,"children":null},"InitializeSensors":{"count":16,"self":0.0019993,"total":0.0019993,"children":null},"AgentSendState":{"count":1943084,"self":353.84256,"total":488.1476811,"children":{"CollectObservations":{"count":3108944,"self":10.7131216,"total":10.7131213,"children":null},"WriteActionMask":{"count":3108944,"self":0.99192969999999991,"total":0.99192969999999991,"children":null},"RequestDecision":{"count":3108944,"self":5.6493844,"total":122.6000727,"children":{"AgentInfo.ToProto":{"count":3108944,"self":4.9289584,"total":116.95068819999999,"children":{"GenerateSensorData":{"count":3108944,"self":96.6584128,"total":112.0217296,"children":{"RayPerceptionSensor.Perceive":{"count":12435776,"self":15.3633168,"total":15.3633162,"children":null}}}}}}}}},"DecideAction":{"count":1943084,"self":8192.3530751999988,"total":8192.3530044999989,"children":null},"AgentAct":{"count":1943084,"self":13.800499199999999,"total":13.8004989,"children":null},"AgentInfo.ToProto":{"count":26300,"self":0.1329906,"total":1.5669536,"children":{"GenerateSensorData":{"count":26300,"self":1.3079762,"total":1.4339629999999999,"children":{"RayPerceptionSensor.Perceive":{"count":105200,"self":0.12598679999999998,"total":0.12598679999999998,"children":null}}}}}},"gauges":{"Autopark.CumulativeReward":{"count":26300,"max":3.06907654,"min":-0.115574,"runningAverage":0.0225570519,"value":0.0552325621,"weightedAverage":0.00581641356}},"metadata":{"timer_format_version":"0.1.0","start_time_seconds":"1657379943","unity_version":"2021.1.28f1","command_line_arguments":"C:\\Program Files\\Unity\\Hub\\Editor\\2021.1.28f1\\Editor\\Unity.exe -projectpath D:\\chang\\AutoPark -useHub -hubIPC -cloudEnvironment production -licensingIpc LicenseClient-오해성 -hubSessionId 2b705750-ff97-11ec-bcf4-8b8592ff990d -accessToken 6bQMOvv8fnP4dtdtPla_ZWUGD5rUml5kfv_SRuDwN_s00df","communication_protocol_version":"1.5.0","com.unity.ml-agents_version":"2.1.0-exp.1","scene_name":"Front","end_time_seconds":"1657399943"}}